merged_index,left,right,study_question,ground_truth,model_judgement,model_reason,validation
0,513d573bfdc9f03587003120,50f5eb3ffdc9f065f00080f7,wealthier,left,left,"The left image shows a well-maintained building with clean sidewalks, modern architecture, and no visible signs of poverty such as trash or broken infrastructure. These features contribute to the impression of wealth.",1
1,513d57f9fdc9f0358700326b,50f5e700fdc9f065f0006ef0,more beautiful,left,left,"The left image has more vibrant colors, symmetry in the arrangement of buildings and trees, and a clearer sky, which contribute to its aesthetic appeal compared to the right image.",1
2,513d57e5fdc9f03587003244,513d7b54fdc9f03587006b19,livelier,right,left,"The left image has more people walking on the sidewalk, which contributes to its livelier quality. Additionally, there are more cars parked and moving along the street, indicating a busier scene compared to the right image.",0
3,513d57bdfdc9f035870031fd,50f562e3fdc9f065f0005b45,more depressing,equal,left,"The left image has features that better reflect the quality of being more depressing. It shows dark lighting, gray tones, boarded-up buildings, graffiti, trash, empty streets, and general neglect. These elements contribute to a sense of depression in the image.",0
4,513d573ffdc9f03587003128,513d9e0dfdc9f035870082aa,livelier,left,left,"The left image has more people walking on the sidewalks, which contributes to a livelier atmosphere. Additionally, there are more cars and bicycles in motion, indicating a busier street scene.",1
5,513d56befdc9f03587003035,513d7e3dfdc9f03587007377,safer,left,left,"The left image has well-lit areas, visible pedestrians, clear pathways, and maintained infrastructure, which contribute to the perception of safety. In contrast, the right image has broken lights, isolated alleys, graffiti, and damaged property, indicating a lack of safety.",1
6,513d572dfdc9f03587003100,513da076fdc9f0358700899a,more beautiful,left,left,"The left image has more vibrant colors and symmetry in the reflection of the trees on the water, contributing to a more beautiful quality compared to the right image.",1
7,513d57effdc9f03587003259,513e2087fdc9f0358700a21e,more boring,right,left,"The left image has features that better reflect the quality of being 'more boring'. It shows uniform design with no people or variation, blank walls, closed businesses, and monotone architecture. These elements contribute to a lack of diversity and life in the scene, making it less engaging than the right image.",0
8,513d575bfdc9f03587003156,50f5e56bfdc9f065f00068bd,safer,left,left,"The left image has well-lit areas, visible pedestrians, clear pathways, and maintained infrastructure, which contribute to the perception of safety. The right image, while also having a car parked on the side of the road, does not have these features that would suggest safety.",1
9,513d56fffdc9f035870030b0,513d9e1dfdc9f035870082d5,more beautiful,left,left,"The left image has more vibrant colors, symmetry in the arrangement of trees, and less clutter compared to the right image. The right image appears to be slightly overcast and lacks the same level of detail and aesthetic appeal as the left image.",1
10,513d571dfdc9f035870030e5,513f2e19fdc9f0358700db58,wealthier,left,left,"The left image has features that better reflect wealth, such as expensive cars, clean sidewalks, modern buildings, well-maintained facades, and overall tidiness. The right image lacks these features, contributing to a perception of poverty.",1
11,513d5652fdc9f03587002f79,513d5746fdc9f03587003134,livelier,left,left,"The left image has more people walking on the sidewalk, which contributes to a livelier atmosphere compared to the right image where there are fewer pedestrians.",1
12,513d57b8fdc9f035870031f2,513cc044fdc9f0358700136a,livelier,left,left,"The left image has more people, street vendors, and dynamic movement, which contributes to the lively quality. The right image is quieter with fewer people and less activity.",1
13,513d57ecfdc9f03587003252,5140d88afdc9f04926003a1d,more boring,left,left,"The left image has features that better reflect the quality of being 'more boring'. It lacks diversity in design and visible life, with uniform buildings and a closed business. The right image, on the other hand, shows more variety with different building designs and a busier street scene.",1
14,513d5723fdc9f035870030f0,513e6d7efdc9f0358700c2da,livelier,right,right,"The image on the right has more people walking, which contributes to the lively quality. Additionally, there are more signs of activity such as moving vehicles and bicycles, which further enhance the dynamic nature of the scene.",1
15,513d5728fdc9f035870030fc,513cd42efdc9f03587001ebe,safer,left,left,"The left image has well-lit areas, visible pedestrians, clear pathways, and maintained infrastructure, which contribute to the perception of safety. The right image, while also having good lighting, shows isolated alleys, graffiti, and damaged property, which detract from the overall impression of safety.",1
16,513d5698fdc9f03587002ffd,5140ced3fdc9f049260030a7,wealthier,left,right,"The image on the right has features that better reflect wealth, such as clean sidewalks, modern buildings, well-maintained facades, and a tidy appearance. The left image, while also having some of these features, lacks the overall tidiness and modernity seen in the right image.",0
17,513d572efdc9f03587003103,513e1e6ffdc9f03587009c73,livelier,equal,left,"The left image has more people walking on the sidewalk, which contributes to its livelier quality. Additionally, there are more cars parked along the street and a bus stop visible, indicating more activity in this area.",0
18,513d5768fdc9f03587003168,514142e7fdc9f0492600633f,wealthier,right,right,"The right image has features that better reflect wealth such as clean sidewalks, modern buildings, well-maintained facades, and overall tidiness. The left image lacks these features, contributing to a perception of poverty.",1
19,513d575dfdc9f03587003157,50f42bbbfdc9f065f00016eb,more depressing,right,left,"The left image has features that better reflect the quality of being more depressing. It includes dark lighting, gray tones, boarded-up buildings, graffiti, trash, empty streets, and general neglect. These elements contribute to a sense of depression in the image.",0
20,513d5805fdc9f0358700327d,50f43b6efdc9f065f000309e,safer,right,left,"The left image has well-lit areas, visible pedestrians, clear pathways, and maintained infrastructure, which contribute to the perception of safety. In contrast, the right image lacks these features, indicating a less safe environment.",0
21,513d5724fdc9f035870030f2,51413cb0fdc9f04926005b8d,more boring,left,left,"The left image has features that better reflect the quality of being 'more boring'. It lacks diversity in design and visible life, with uniform buildings and closed businesses. The right image, on the other hand, shows a variety of architectural styles and active businesses, contributing to its less boring appearance.",1
22,513d569afdc9f03587003000,513d7f40fdc9f03587007598,livelier,right,left,"The left image has more people walking, which contributes to its livelier quality. The presence of street vendors and bright signage also adds to the vibrancy of the scene.",0
23,513d568afdc9f03587002fe2,50f43487fdc9f065f00028eb,more boring,left,left,"The left image has features that better reflect the quality of being 'more boring'. It lacks diversity in design and visible life, with uniform buildings and a closed business. The right image, on the other hand, shows more variety with different building designs and an active street scene.",1
24,513d57fffdc9f03587003273,513f2e02fdc9f0358700db3f,safer,equal,left,"The left image has well-lit areas, visible pedestrians, clear pathways, and maintained infrastructure, which contribute to a safer environment. The right image, while having some of these features, also shows broken lights, isolated alleys, graffiti, and damaged property, indicating a less safe environment.",0
25,513d5769fdc9f0358700316b,513d7d73fdc9f035870071cc,more boring,equal,left,"The left image has features that better reflect the quality of being 'more boring'. It shows uniform design with no people or variation, blank walls, closed businesses, and monotone architecture. These elements contribute to a lack of diversity and life in the scene, making it less engaging than the right image.",0
26,513d5717fdc9f035870030dc,51414e68fdc9f0492600783d,wealthier,right,left,"The left image has features that better reflect wealth, such as expensive cars, clean sidewalks, modern buildings, well-maintained facades, greenery, and overall tidiness. In contrast, the right image has signs of poverty like trash, broken sidewalks, and older buildings.",0
27,513d5764fdc9f03587003163,50f4348afdc9f065f0002918,wealthier,left,left,"The left image has features that better reflect the quality of wealthiness such as expensive cars parked along the street, clean sidewalks, modern buildings, well-maintained facades, and overall tidiness. The right image lacks these features, contributing to a perception of poverty.",1
28,513d57bcfdc9f035870031f9,514138dbfdc9f04926005307,safer,left,right,"The right image has well-lit areas, visible pedestrians, clear pathways, and maintained infrastructure, which contribute to the perception of safety. The left image, on the other hand, lacks these features, indicating a lower level of safety.",0
29,513d579cfdc9f035870031bd,50f5e6c5fdc9f065f0006dde,safer,equal,left,"The left image has well-lit areas, visible pedestrians, clear pathways, and maintained infrastructure, which contribute to the perception of safety. The right image, while also having good lighting and a clear pathway, lacks these features and instead shows broken lights, isolated alleys, graffiti, and damaged property, indicating a lower level of safety.",0
30,513d56e5fdc9f03587003078,514145befdc9f04926006658,livelier,left,left,"The left image has more people walking on the sidewalk, which contributes to its livelier quality. The presence of street vendors and open businesses also adds to the bustling atmosphere.",1
31,513d567bfdc9f03587002fc8,514150d7fdc9f04926007e4a,safer,right,left,"The left image has well-lit areas, visible pedestrians, clear pathways, greenery, maintained infrastructure, and surveillance signs which suggest safety. In contrast, the right image lacks these features, indicating a lower level of safety.",0
32,513d56b1fdc9f03587003020,50f5e51afdc9f065f0006628,safer,left,left,"The left image has well-lit areas, visible pedestrians, clear pathways, and maintained infrastructure, which contribute to a safer environment. The right image, on the other hand, has broken lights, isolated alleys, graffiti, and damaged property, indicating an unsafe environment.",1
33,513d5712fdc9f035870030d1,50f60866beb2fed6f80003e9,more depressing,right,left,"The left image has features that better reflect the quality of being more depressing. It includes dark lighting, gray tones, boarded-up buildings, graffiti, trash, empty streets, and general neglect. These elements contribute to a sense of depression in the image.",0
34,513d57ecfdc9f03587003251,51413bbefdc9f04926005a2b,wealthier,left,left,"The left image has features that better reflect wealth, such as expensive cars parked in front of the building and a well-maintained facade with clean sidewalks. The right image, while also having some features like bicycles and modern buildings, does not have any clear indicators of wealth.",1
35,513d56fffdc9f035870030af,5140c88dfdc9f04926002286,livelier,right,right,"The image on the right has more people walking, there are more cars on the road, and there is more activity in the shops and businesses, which contributes to a livelier atmosphere compared to the left image.",1
36,513d5728fdc9f035870030fc,513e1eaffdc9f03587009d1c,safer,right,left,"The left image has well-lit areas, visible pedestrians, clear pathways, and maintained infrastructure, which contribute to the perception of safety. The right image, while also having a clear pathway, lacks these features, contributing to a less safe impression.",0
37,513d580efdc9f0358700328f,51408b27fdc9f0358700e88f,more beautiful,left,left,"The left image has more vibrant colors, symmetry in the reflection on the water, and a clearer view of the sky, which contributes to its aesthetic appeal. The right image lacks these features, making it less visually pleasing.",1
38,513d5728fdc9f035870030fc,513d7e5afdc9f035870073b4,more boring,left,left,"The left image has features that contribute to boredom, such as uniform design, lack of people or variation, blank walls, closed businesses, and monotone architecture.",1
39,513d56ecfdc9f03587003085,5140b74bfdc9f04926001976,more boring,right,right,"The right image has more variety in design, visible life, and less monotony compared to the left image.",1
40,513d5724fdc9f035870030f2,50f60c4fbeb2fed9100002ab,wealthier,right,left,"The left image has features that better reflect wealth such as expensive cars, clean sidewalks, modern buildings, well-maintained facades, greenery, and overall tidiness. In contrast, the right image detracts from this quality with signs of poverty like trash, broken sidewalks, and older buildings.",0
41,513d57b6fdc9f035870031ec,514148affdc9f04926006d1d,more beautiful,left,left,"The left image has more vibrant colors, symmetry in the architecture, and a clearer view of the street with parked cars, which contributes to its beauty.",1
42,513d571ffdc9f035870030e9,513d6872fdc9f0358700438e,wealthier,left,left,"The left image shows clean sidewalks, modern buildings, well-maintained facades, and greenery, which contribute to the perception of wealth. In contrast, the right image has signs of poverty such as trash, broken sidewalks, and older buildings.",1
43,513d57eafdc9f0358700324f,5140cb67fdc9f04926002b4c,more beautiful,equal,left,"The left image has more vibrant colors, symmetry in the arrangement of trees, and a clearer view of the house, which contributes to its aesthetic appeal. The right image lacks these features, making it less visually pleasing.",0
44,513d5652fdc9f03587002f79,513e1c1efdc9f0358700965c,livelier,left,left,"The left image has more people walking on the sidewalk, which contributes to its livelier quality. Additionally, there are more cars parked along the street and a bus stop visible, indicating more activity in this area.",1
45,513d5688fdc9f03587002fdd,513cb642fdc9f03587000a11,more beautiful,left,left,"The left image has more vibrant colors, symmetry in the bridge design, and open space which contribute to its aesthetic appeal. The right image lacks these features, making it less visually pleasing.",1
46,513d57b6fdc9f035870031ec,513d9c6cfdc9f03587007d2d,safer,left,left,"The left image has well-lit areas, visible pedestrians, clear pathways, and maintained infrastructure, which contribute to the perception of safety. The right image, on the other hand, lacks these features, indicating a lower level of safety.",1
47,513d56b3fdc9f03587003021,513e5f3dfdc9f0358700b1ed,livelier,right,right,"The right image has more people, vehicles, and signs of activity, contributing to its livelier quality compared to the left image.",1
48,513d57c4fdc9f0358700320b,513d5c6dfdc9f035870036fb,safer,left,left,"The left image has well-lit areas, visible pedestrians, clear pathways, and maintained infrastructure, which contribute to the perception of safety. In contrast, the right image lacks these features, indicating a less safe environment.",1
49,513d5798fdc9f035870031b6,5140da36fdc9f04926003d85,safer,left,left,"The left image has well-lit areas, visible pedestrians, clear pathways, and maintained infrastructure, which contribute to the perception of safety. The right image, on the other hand, has broken lights, isolated alleys, graffiti, and damaged property, indicating a lack of safety.",1
50,513d56d2fdc9f03587003058,513e1ffbfdc9f0358700a0a6,safer,left,left,"The left image has well-lit areas, visible pedestrians, clear pathways, and maintained infrastructure, which contribute to a safer environment. The right image, while having some of these features, also shows broken lights, isolated alleys, graffiti, and damaged property, indicating a less safe environment.",1
51,513d56b8fdc9f0358700302a,50f433c3fdc9f065f000263f,more beautiful,left,left,"The left image has more vibrant colors, symmetry in the arrangement of trees and buildings, and a clearer view of open space, which contributes to its beauty.",1
52,513d564ffdc9f03587002f74,513d60d5fdc9f03587003d87,wealthier,left,right,"The image on the right has features that better reflect wealth, such as clean sidewalks, modern buildings, well-maintained facades, and overall tidiness. The left image lacks these features, contributing to a perception of poverty.",0
53,513d56b0fdc9f0358700301e,5141404afdc9f04926006099,safer,left,left,"The left image has well-lit areas, visible pedestrians, clear pathways, and maintained infrastructure, which contribute to the perception of safety. The right image, while also having some positive features like well-maintained buildings and parked cars, lacks these elements that contribute to a sense of safety.",1
54,513d5781fdc9f03587003195,513d6bacfdc9f03587004d9c,more beautiful,left,left,"The left image has more vibrant colors, symmetry in architecture, and open space which contribute to its aesthetic appeal. The right image lacks these features, making it less visually pleasing.",1
55,513d5827fdc9f035870032be,513d9f6ffdc9f0358700873c,safer,right,left,"The left image has well-lit areas, visible pedestrians, clear pathways, and maintained infrastructure, which contribute to the perception of safety. The right image, while having some of these features, also shows broken lights, isolated alleys, graffiti, and damaged property, indicating a lack of safety.",0
56,513d5671fdc9f03587002fb3,50f5ea5efdc9f065f0007ae3,wealthier,right,left,"The left image has features that better reflect wealth such as expensive cars, clean sidewalks, modern buildings, well-maintained facades, and overall tidiness. The right image lacks these features, contributing to a perception of poverty.",0
57,513d56b4fdc9f03587003022,51408ba8fdc9f0358700e991,livelier,right,left,"The left image has more people walking and biking, which contributes to its livelier quality. The presence of street vendors and bright signage also adds to the vibrancy. In contrast, the right image is quieter with fewer people and less activity, making it less lively.",0
58,513d56dbfdc9f03587003065,51409a94fdc9f04926000f74,livelier,right,left,"The left image has more people walking on the sidewalk, which contributes to its livelier quality. The presence of a truck and other vehicles also adds to the dynamic movement in the scene.",0
59,513d56bbfdc9f03587003031,5140d2f5fdc9f04926003357,more depressing,equal,left,"The left image has features that better reflect the quality of being more depressing. It includes dark lighting, gray tones, boarded-up buildings, graffiti, trash, empty streets, and general neglect. These elements contribute to a sense of depression in the image.",0
60,513d5728fdc9f035870030fc,50e5faead7c3df413b00073f,safer,left,left,"The left image has well-lit areas, visible pedestrians, clear pathways, and maintained infrastructure, which contribute to the perception of safety. In contrast, the right image lacks these features, indicating a lower level of safety.",1
61,513d570efdc9f035870030cd,513cc4a4fdc9f035870017aa,livelier,left,left,"The left image has more people walking on the sidewalk, which contributes to its livelier quality. The presence of street vendors and bright signage also adds to the vibrancy of the scene.",1
62,513d56effdc9f0358700308c,513f28d8fdc9f0358700d272,wealthier,left,left,"The left image has features that better reflect wealth such as expensive cars, clean sidewalks, modern buildings, well-maintained facades, and overall tidiness. The right image lacks these features, contributing to a perception of poverty.",1
63,513d56eefdc9f0358700308a,5141475bfdc9f04926006a2e,safer,right,left,"The left image has well-lit areas, visible pedestrians, clear pathways, and maintained infrastructure, which contribute to the perception of safety. The right image, while having some of these features, also shows broken lights, isolated alleys, graffiti, and damaged property, indicating a lack of safety.",0
64,513d57eafdc9f0358700324f,51414faafdc9f04926007b51,livelier,right,left,"The left image has more people walking on the sidewalk, which contributes to its livelier quality. The presence of street vendors and open businesses also adds to the bustling atmosphere.",0
65,513d5774fdc9f0358700317d,5185ccaafdc9f03fd5000c62,safer,right,left,"The left image has well-lit areas, visible pedestrians, clear pathways, and maintained infrastructure, which contribute to a safer environment. The right image lacks these features, indicating a less safe area.",0
66,513d569cfdc9f03587003006,5185ce9efdc9f03fd5000e52,safer,left,left,"The left image has well-lit areas, visible pedestrians, clear pathways, greenery, maintained infrastructure, and surveillance signs which suggest safety. In contrast, the right image has broken lights, isolated alleys, graffiti, and damaged property indicating unsafety.",1
67,513d5702fdc9f035870030b6,514139cefdc9f0492600555c,more beautiful,left,left,"The left image has more vibrant colors, symmetry in the architecture, and open space which contribute to its aesthetic appeal. The right image lacks these features, making it less visually pleasing.",1
68,513d57f6fdc9f03587003261,50f5e8c9fdc9f065f00074b0,wealthier,right,left,"The left image shows an empty highway with no visible signs of wealth such as expensive cars, clean sidewalks, modern buildings, well-maintained facades, greenery, or overall tidiness. In contrast, the right image shows a house with two parked cars and a driveway, which does not directly reflect the quality of wealth but rather the appearance of a residential area.",0
69,513d57bafdc9f035870031f8,513f2d9dfdc9f0358700da83,livelier,right,left,"The left image has more people walking on the sidewalk, which contributes to its livelier quality. The presence of street vendors and bright signage also adds to the vibrancy of the scene.",0
70,513d576efdc9f03587003171,50f56203fdc9f065f0005898,safer,right,left,"The left image has well-lit areas, visible pedestrians, clear pathways, and maintained infrastructure, which contribute to the perception of safety. In contrast, the right image has broken lights, isolated alleys, graffiti, and damaged property, indicating a lack of safety.",0
71,513d56e8fdc9f0358700307e,51408c43fdc9f0358700eac1,more beautiful,left,left,"The left image has more vibrant colors, symmetry in the arrangement of trees, and a clearer view of the road with no visible clutter. The right image, while still having some beauty, lacks these elements and appears slightly less appealing.",1
72,513d57fcfdc9f0358700326e,51408bb4fdc9f0358700e9a9,more beautiful,left,right,"The right image has better lighting, vibrant colors, and clearer details such as the buildings, trees, and cars, which contribute to a more beautiful quality compared to the left image.",0
73,513d573dfdc9f03587003125,5140916cfdc9f049260004e3,safer,right,left,"The left image has well-lit areas, visible pedestrians, clear pathways, and maintained infrastructure, which contribute to the perception of safety. The right image, on the other hand, has broken lights, isolated alleys, graffiti, and damaged property, indicating a lack of safety.",0
74,513d57d0fdc9f0358700321e,50f5eaf4fdc9f065f0007ed4,more beautiful,left,left,"The left image has more vibrant colors, symmetry in the arrangement of trees, and a clearer view of the sky, which contributes to its overall beauty.",1
75,513d570dfdc9f035870030ca,51413712fdc9f04926004db6,livelier,left,right,"The right image has more people walking around, which contributes to the lively quality. The presence of a street vendor and open businesses also adds to the dynamic movement and activity in the scene.",0
76,513d5800fdc9f03587003275,513e1ab5fdc9f035870092a1,safer,left,left,"The left image has well-lit areas, visible pedestrians, clear pathways, and maintained infrastructure, which contribute to the perception of safety. The right image, however, lacks these features, with broken lights, isolated alleys, graffiti, and damaged property, indicating a lower level of safety.",1
77,513d56dbfdc9f03587003065,50f563f9fdc9f065f0005f51,more boring,left,left,"The left image has features that better reflect the quality of being 'more boring'. It shows uniform design with blank walls and closed businesses, which contribute to a monotonous appearance. The right image, on the other hand, has diversity in design and visible life, making it less boring.",1
78,513d5654fdc9f03587002f7f,50f42c69fdc9f065f0001bcb,wealthier,right,left,"The left image has features such as expensive cars, clean sidewalks, modern buildings, well-maintained facades, greenery, and overall tidiness which contribute to the feeling of wealth. In contrast, the right image lacks these features, indicating a lower quality.",0
79,513d56c0fdc9f03587003036,513d79fefdc9f035870066a0,more boring,left,right,"The right image has more variety in design, visible life, and less boredom compared to the left image.",0
80,513d577bfdc9f0358700318b,513e1bd2fdc9f03587009587,livelier,right,left,"The left image has more people walking around, which contributes to its livelier quality. The presence of street vendors and bright signage also adds to the vibrancy of the scene.",0
81,513d5714fdc9f035870030d4,513d59d3fdc9f035870033c0,more beautiful,right,left,"The left image has more vibrant colors, symmetry in architecture, and open space which contribute to its aesthetic appeal. The right image lacks these features, making it less visually pleasing.",0
82,513d5836fdc9f035870032d7,5140b909fdc9f04926001d7d,more beautiful,left,left,"The left image has more vibrant colors, symmetry in the arrangement of buildings and trees, and a clearer sky with fewer clouds, contributing to its aesthetic appeal.",1
83,513d56edfdc9f03587003087,513cc4cafdc9f035870017ce,livelier,left,left,"The left image has more people walking on the sidewalk, which contributes to its livelier quality. The presence of street vendors and bright signage also adds to the vibrancy of the scene.",1
84,513d566dfdc9f03587002fad,513f2faefdc9f0358700de06,safer,left,left,"The left image has well-lit areas, visible pedestrians, clear pathways, and maintained infrastructure, which contribute to the perception of safety. The right image, while having some features that suggest safety (like well-lit areas), also has broken lights, isolated alleys, graffiti, and damaged property, which detract from the overall impression of safety.",1
85,513d5708fdc9f035870030c1,513d67fdfdc9f035870041fd,livelier,right,left,"The left image has more people walking on the sidewalk, which contributes to its livelier quality. The presence of street vendors and open businesses also adds to the bustling atmosphere.",0
86,513d5719fdc9f035870030dd,513e1f2efdc9f03587009e63,more beautiful,right,left,"The left image has more vibrant colors, symmetry in the architecture, and open space which contribute to its aesthetic appeal. The right image lacks these features, making it less visually pleasing.",0
87,513d56f6fdc9f03587003098,5140b919fdc9f04926001d9c,safer,right,left,"The left image has well-lit areas, visible pedestrians, clear pathways, and maintained infrastructure, which contribute to the perception of safety. The right image, while also having some positive features like trees and cars, lacks these elements and has a more desolate appearance, contributing to the perception of unsafety.",0
88,513d5677fdc9f03587002fc1,5140d309fdc9f0492600336b,livelier,left,left,"The left image has more people walking on the sidewalk, which contributes to its livelier quality. The presence of street vendors and open businesses also adds to the bustling atmosphere.",1
89,513d57bcfdc9f035870031f9,51413846fdc9f049260051a9,livelier,left,right,"The right image has more people walking on the sidewalk, which contributes to a livelier atmosphere compared to the left image where there are fewer pedestrians.",0
90,513d578ffdc9f035870031ac,514138bdfdc9f049260052c2,livelier,left,left,"The left image has more people walking on the sidewalk, which contributes to its livelier quality. The presence of street vendors and bright signage also adds to the vibrancy of the scene.",1
91,513d569cfdc9f03587003006,50f463b8fdc9f065f000429c,safer,right,left,"The left image has well-lit areas, visible pedestrians, clear pathways, and maintained infrastructure, which contribute to the perception of safety. The right image, while also having these features, is depicted with broken lights, isolated alleys, graffiti, and damaged property, which detract from the overall impression of safety.",0
92,513d574ffdc9f03587003145,50e748e4d7c3df413b0013d1,wealthier,left,right,"The right image has features that better reflect wealth such as clean sidewalks, modern buildings, well-maintained facades, and overall tidiness. The left image, on the other hand, shows signs of poverty with trash, broken sidewalks, and older buildings.",0
93,513d572efdc9f03587003101,50f5e5e0fdc9f065f0006b2b,livelier,right,left,"The left image has more people walking on the sidewalk, which contributes to its livelier quality. The presence of street vendors and open businesses also adds to the dynamic movement and activity in the scene.",0
94,513d579cfdc9f035870031bf,50f5eaacfdc9f065f0007bf4,safer,left,left,"The left image has well-lit areas, visible pedestrians, clear pathways, and maintained infrastructure, which contribute to a safer environment. The right image, on the other hand, has broken lights, isolated alleys, graffiti, and damaged property, indicating an unsafe environment.",1
95,513d571bfdc9f035870030e0,50f607e3beb2fed6f80003b6,safer,left,left,"The left image has well-lit areas, visible pedestrians, clear pathways, and maintained infrastructure, which contribute to the perception of safety. The right image, while having some of these features, also shows broken lights, isolated alleys, graffiti, and damaged property, indicating a lack of safety.",1
96,513d5809fdc9f03587003287,50f5eafafdc9f065f0007f41,livelier,left,left,"The left image has more people walking around, which contributes to its livelier quality. The presence of street vendors and bright signage also adds to the vibrancy of the scene.",1
97,513d56cffdc9f03587003052,513cc670fdc9f0358700194e,safer,right,left,"The left image has well-lit areas, visible pedestrians, clear pathways, and maintained infrastructure, which contribute to the perception of safety. The right image, while also having good lighting, shows broken lights, isolated alleys, graffiti, and damaged property, indicating a lack of safety.",0
98,513d57b7fdc9f035870031ef,50f447d0fdc9f065f0003a47,more depressing,right,left,"The left image has features that better reflect the quality of being more depressing. It shows dark lighting, gray tones, boarded-up buildings, graffiti, trash, empty streets, and general neglect. These elements contribute to a sense of depression in the image.",0
99,513d56f5fdc9f03587003095,513d9adafdc9f03587007813,wealthier,right,right,"The right image has features that better reflect wealth such as expensive cars, clean sidewalks, modern buildings, well-maintained facades, greenery, and overall tidiness. The left image lacks these features, contributing to a perception of poverty.",1
